Покупательская активность;тип товара;История продаж;Неоплаченные_товары;Выручка
Снизилась;товары для себя;575;2;4635
Снизилась;товары для себя;786;2;5213
Снизилась;товары для дома;935;5;4992
Снизилась;товары для себя;515;2;5268
Снизилась;товары для дома;1013;4;4932
Снизилась;товары для себя;900;3;4582
Снизилась;товары для себя;610;5;5351
Снизилась;товары для себя;780;4;5621
Снизилась;товары для себя;486;2;4642
Снизилась;товары для себя;983;2;4579
Снизилась;товары для себя;1001;4;4880
Снизилась;товары для себя;162;1;5120
Снизилась;товары для себя;663;4;4635
Снизилась;товары для себя;806;3;5213
Снизилась;товары для себя;351;1;4992
Снизилась;товары для себя;488;0;5268
Снизилась;товары для себя;768;2;4932
Снизилась;товары для дома;488;0;4582
Снизилась;товары для дома;455;1;5351
Снизилась;товары для дома;335;1;5621
Снизилась;товары для дома;932;0;4642
Снизилась;товары для себя;996;4;4579
Снизилась;товары для себя;801;5;4880
Снизилась;товары для себя;306;5;5120
Снизилась;товары для дома;638;0;4786
Снизилась;товары для себя;991;1;4635
Снизилась;товары для дома;318;1;5213
Снизилась;товары для себя;586;5;4992
Снизилась;товары для дома;645;5;5268
Снизилась;товары для дома;906;4;4932
Снизилась;товары для себя;835;0;4582
Снизилась;товары для себя;641;4;5351
Снизилась;товары для дома;684;3;5621
Снизилась;товары для себя;881;4;4642
Снизилась;товары для себя;786;1;4579
Снизилась;товары для себя;384;5;4880
Снизилась;товары для себя;846;1;5120
Снизилась;товары для себя;724;3;
Снизилась;товары для себя;439;3;4635
Снизилась;товары для дома;801;2;5213
Снизилась;товары для дома;586;3;4992
Снизилась;товары для себя;599;5;5268
Снизилась;товары для себя;1025;2;4932
Снизилась;товары для себя;316;5;4582
Снизилась;товары для дома;352;4;5351
Снизилась;товары для себя;567;2;5621
Снизилась;товары для дома;744;2;4642
Снизилась;товары для себя;591;3;4579
Снизилась;товары для себя;966;3;4880
Снизилась;товары для себя;903;0;5120
Снизилась;товары для себя;157;1;4635
Снизилась;товары для себя;162;1;5213
Снизилась;товары для дома;597;4;4992
Снизилась;товары для себя;218;8;5268
Снизилась;товары для себя;762;4;4932
Снизилась;товары для себя;452;5;4582
Снизилась;товары для себя;691;7;5351
Снизилась;товары для себя;356;4;5621
Снизилась;товары для себя;989;2;4642
Снизилась;товары для дома;908;1;4579
Снизилась;товары для себя;790;1;4880
Снизилась;товары для дома;456;8;5120
Снизилась;товары для себя;200;6;4635
Снизилась;товары для себя;319;5;5213
Снизилась;товары для себя;444;2;4992
Снизилась;товары для себя;635;4;5268
Снизилась;товары для себя;733;1;4932
Снизилась;товары для дома;516;2;4582
Снизилась;товары для дома;214;2;5351
Снизилась;товары для себя;374;7;5621
Снизилась;товары для себя;754;5;4642
Снизилась;товары для себя;811;5;4579
Снизилась;товары для себя;1019;3;4880
Снизилась;товары для дома;335;7;5120
Снизилась;товары для дома;152;5;4455
Снизилась;товары для себя;521;2;4635
Снизилась;товары для дома;231;1;5213
Снизилась;товары для дома;480;3;4992
Снизилась;товары для себя;1043;1;5268
Снизилась;товары для себя;714;1;4932
Снизилась;товары для себя;779;3;4582
Снизилась;товары для себя;669;0;5351
Снизилась;товары для себя;512;0;5621
Снизилась;товары для себя;650;2;4642
Снизилась;товары для себя;207;1;4579
Снизилась;товары для себя;756;5;4880
Снизилась;товары для себя;601;2;5120
Снизилась;товары для себя;1009;3;4635
Снизилась;товары для себя;732;3;5213
Снизилась;товары для себя;874;1;4992
Снизилась;товары для дома;1041;7;5268
Снизилась;товары для дома;511;7;4932
Снизилась;товары для себя;577;2;4582
Снизилась;товары для себя;675;7;5351
Снизилась;товары для себя;339;3;5621
Снизилась;товары для себя;954;2;4642
Снизилась;товары для себя;771;8;4579
Снизилась;товары для себя;699;1;4880
Снизилась;товары для себя;669;2;5120
Снизилась;товары для себя;511;2;4635
Снизилась;товары для себя;974;3;5213
Снизилась;товары для себя;666;5;4992
Снизилась;товары для себя;857;4;5268
Снизилась;товары для себя;1048;5;4932
Снизилась;товары для себя;756;3;4582
Снизилась;товары для себя;506;5;5351
Снизилась;товары для себя;759;4;5621
Снизилась;товары для себя;937;4;4642
Снизилась;товары для себя;449;4;4579
Снизилась;товары для дома;764;5;4880
Снизилась;товары для себя;851;3;5120
Снизилась;товары для себя;768;8;4635
Снизилась;товары для себя;720;6;5213
Снизилась;товары для себя;219;5;4992
Снизилась;товары для себя;377;2;5268
Снизилась;товары для дома;472;6;4932
Снизилась;товары для себя;806;5;4582
Снизилась;товары для себя;449;9;5351
Снизилась;товары для дома;523;10;5621
Снизилась;товары для себя;503;3;4642
Снизилась;товары для себя;515;4;4579
Снизилась;товары для себя;813;3;4880
Снизилась;товары для себя;249;6;5120
Снизилась;товары для себя;829;5;4635
Снизилась;товары для дома;186;6;5213
Снизилась;товары для дома;336;7;4992
Снизилась;товары для дома;690;5;5268
Снизилась;товары для себя;824;2;4932
Снизилась;товары для себя;666;3;4582
Снизилась;товары для дома;377;3;5351
Снизилась;товары для себя;753;8;5621
Снизилась;товары для себя;674;5;4642
Снизилась;товары для себя;875;2;4579
Снизилась;товары для себя;844;8;4880
Снизилась;товары для себя;602;5;5120
Снизилась;товары для себя;855;6;4635
Снизилась;товары для дома;448;2;5213
Снизилась;товары для себя;720;2;4992
Снизилась;товары для себя;1021;4;5268
Снизилась;товары для себя;627;2;4932
Снизилась;товары для себя;748;4;4582
Снизилась;товары для дома;344;3;5351
Снизилась;товары для себя;922;7;5621
Снизилась;товары для себя;298;3;4642
Снизилась;товары для себя;893;4;4579
Снизилась;товары для себя;881;5;4880
Снизилась;товары для дома;372;6;5120
Снизилась;товары для себя;788;3;4635
Снизилась;товары для себя;684;6;5213
Снизилась;товары для себя;719;2;4992
Снизилась;товары для дома;891;2;5268
Снизилась;товары для себя;842;8;4932
Снизилась;товары для себя;573;4;4582
Снизилась;товары для себя;1057;3;5351
Снизилась;товары для себя;342;7;5621
Снизилась;товары для себя;638;5;4642
Снизилась;товары для себя;458;4;4579
Снизилась;товары для себя;254;3;4880
Снизилась;товары для дома;600;7;5120
Снизилась;товары для себя;871;4;4969
Снизилась;товары для себя;574;2;4102
Снизилась;товары для себя;982;1;4880
Снизилась;товары для себя;324;7;4814
Снизилась;товары для себя;373;4;4428
Снизилась;товары для себя;839;3;4513
Снизилась;товары для дома;845;7;4466
Снизилась;товары для себя;475;3;4839
Снизилась;товары для дома;509;6;4442
Снизилась;товары для дома;252;4;4328
Снизилась;товары для дома;820;4;4718
Снизилась;товары для себя;744;2;4156
Снизилась;товары для себя;824;2;4802
Снизилась;товары для дома;511;6;4102
Снизилась;товары для дома;541;4;4265
Снизилась;товары для себя;1079;5;5039
Снизилась;товары для себя;900;3;4827
Снизилась;товары для себя;474;10;4508
Снизилась;товары для себя;558;2;4639
Снизилась;товары для себя;572;8;4508
Снизилась;товары для себя;957;0;4472
Снизилась;товары для себя;773;3;4502
Снизилась;товары для дома;717;6;4449
Снизилась;товары для себя;508;6;4374
Снизилась;товары для себя;184;6;4579
Снизилась;товары для себя;828;4;4212
Снизилась;товары для себя;944;0;4813
Снизилась;товары для дома;419;9;4669
Снизилась;товары для дома;302;1;4586
Снизилась;товары для дома;898;6;4952
Снизилась;товары для себя;705;3;4974
Снизилась;товары для себя;788;4;4641
Снизилась;товары для себя;953;3;4220
Снизилась;товары для себя;355;1;4826
Снизилась;товары для дома;616;7;4605
Снизилась;товары для дома;622;1;4418
Снизилась;товары для дома;335;0;4684
Снизилась;товары для себя;1025;2;4314
Снизилась;товары для себя;755;7;4567
Снизилась;товары для себя;549;3;4157
Снизилась;товары для дома;308;8;4655
Снизилась;товары для себя;903;1;4228
Снизилась;товары для себя;683;5;4736
Снизилась;товары для себя;434;8;4940
Снизилась;товары для себя;983;2;4598
Снизилась;товары для себя;624;9;4726
Снизилась;товары для себя;360;3;4309
Снизилась;товары для себя;1017;5;4733
Снизилась;товары для дома;348;2;4271
Снизилась;товары для дома;742;2;4640
Снизилась;товары для себя;770;2;4633
Снизилась;товары для себя;867;6;4968
Снизилась;товары для себя;701;2;5045
Снизилась;товары для себя;589;6;4931
Снизилась;товары для дома;527;7;4420
Снизилась;товары для себя;692;7;4330
Снизилась;товары для себя;956;2;4985
Снизилась;товары для дома;618;10;4213
Снизилась;товары для дома;522;5;4492
Снизилась;товары для себя;785;1;4702
Снизилась;товары для себя;853;6;4755
Снизилась;товары для себя;1073;2;4740
Снизилась;товары для себя;953;1;4856
Снизилась;товары для себя;808;2;4729
Снизилась;товары для себя;483;7;4709
Снизилась;товары для себя;676;7;4822
Снизилась;товары для себя;706;6;4671
Снизилась;товары для себя;951;5;5053
Снизилась;товары для себя;435;0;4530
Снизилась;товары для себя;840;1;4500
Снизилась;товары для себя;564;4;4774
Снизилась;товары для себя;699;4;4778
Снизилась;товары для дома;710;5;4393
Снизилась;товары для себя;966;3;4657
Снизилась;товары для себя;171;4;4798
Снизилась;товары для себя;763;3;4688
Снизилась;товары для дома;623;7;4769
Снизилась;товары для дома;731;2;4470
Снизилась;товары для себя;1044;5;4335
Снизилась;товары для себя;557;8;4349
Снизилась;товары для себя;800;2;4912
Снизилась;товары для себя;529;6;4293
Снизилась;товары для себя;574;0;4871
Снизилась;товары для дома;427;8;4604
Снизилась;товары для дома;631;1;4728
Снизилась;товары для себя;486;2;4643
Снизилась;товары для дома;947;8;4414
Снизилась;товары для себя;627;9;4971
Снизилась;товары для себя;332;5;4751
Снизилась;товары для себя;684;0;4824
Снизилась;товары для дома;868;7;4568
Снизилась;товары для себя;449;5;4740
Снизилась;товары для себя;716;9;4546
Снизилась;товары для себя;446;6;4646
Снизилась;товары для себя;468;6;4693
Снизилась;товары для себя;1072;7;4426
Снизилась;товары для себя;556;3;5025
Снизилась;товары для дома;458;5;4308
Снизилась;товары для себя;637;5;4635
Снизилась;товары для дома;428;4;5213
Снизилась;товары для себя;862;5;4992
Снизилась;товары для дома;816;2;5268
Снизилась;товары для себя;636;2;4932
Снизилась;товары для себя;684;4;4582
Снизилась;товары для себя;519;8;5351
Снизилась;товары для дома;255;5;5621
Снизилась;товары для себя;627;7;4642
Снизилась;товары для себя;952;5;4579
Снизилась;товары для себя;205;5;4880
Снизилась;товары для дома;862;7;5120
Снизилась;товары для себя;728;3;4377
Снизилась;товары для дома;657;6;4441
Снизилась;товары для себя;789;4;4624
Снизилась;товары для себя;704;6;4423
Снизилась;товары для себя;1076;3;4578
Снизилась;товары для дома;639;5;4588
Снизилась;товары для себя;519;4;4399
Снизилась;товары для дома;399;4;4646
Снизилась;товары для себя;464;5;4635
Снизилась;товары для себя;171;1;5213
Снизилась;товары для себя;451;4;4992
Снизилась;товары для себя;618;5;5268
Снизилась;товары для себя;627;4;4932
Снизилась;товары для дома;388;7;4582
Снизилась;товары для дома;345;2;5351
Снизилась;товары для себя;933;4;5621
Снизилась;товары для себя;693;2;4642
Снизилась;товары для себя;780;7;4579
Снизилась;товары для себя;839;1;4880
Снизилась;товары для себя;749;6;5120
Снизилась;товары для себя;553;3;4755
Снизилась;товары для себя;549;6;4436
Снизилась;товары для себя;845;2;4379
Снизилась;товары для себя;251;7;4635
Снизилась;товары для себя;666;3;5213
Снизилась;товары для себя;962;2;4992
Снизилась;товары для себя;672;5;5268
Снизилась;товары для себя;929;3;4932
Снизилась;товары для себя;582;4;4582
Снизилась;товары для дома;657;0;5351
Снизилась;товары для себя;529;7;5621
Снизилась;товары для себя;537;6;4642
Снизилась;товары для себя;718;5;4579
Снизилась;товары для дома;810;4;4880
Снизилась;товары для дома;715;5;5120
Снизилась;товары для себя;805;1;4940
Снизилась;товары для дома;181;5;4719
Снизилась;товары для дома;684;6;4656
Снизилась;товары для себя;819;9;4847
Снизилась;товары для себя;217;2;4227
Снизилась;товары для себя;736;4;4519
Снизилась;товары для дома;163;3;4680
Снизилась;товары для дома;822;5;4709
Снизилась;товары для себя;618;4;4532
Снизилась;товары для себя;1012;5;4635
Снизилась;товары для себя;441;0;5213
Снизилась;товары для себя;302;2;4992
Снизилась;товары для себя;822;4;5268
Снизилась;товары для дома;732;5;4932
Снизилась;товары для себя;703;2;4582
Снизилась;товары для себя;467;6;5351
Снизилась;товары для себя;343;9;5621
Снизилась;товары для себя;551;3;4642
Снизилась;товары для себя;490;7;4579
Снизилась;товары для себя;820;4;4880
Снизилась;товары для себя;261;6;5120
Снизилась;товары для дома;340;5;4105
Снизилась;товары для себя;304;6;4305
Снизилась;товары для себя;937;3;4737
Снизилась;товары для дома;223;5;4327
Снизилась;товары для себя;714;5;4635
Снизилась;товары для себя;622;5;5213
Снизилась;товары для себя;799;4;4992
Снизилась;товары для себя;326;6;5268
Снизилась;товары для себя;1079;2;4932
Снизилась;товары для себя;538;6;4582
Снизилась;товары для себя;607;4;5351
Снизилась;товары для себя;753;5;5621
Снизилась;товары для себя;648;5;4642
Снизилась;товары для себя;795;2;4579
Снизилась;товары для себя;388;1;4880
Снизилась;товары для дома;561;8;5120
Снизилась;товары для себя;722;9;4635
Снизилась;товары для себя;429;4;5213
Снизилась;товары для себя;540;9;4992
Снизилась;товары для себя;306;4;5268
Снизилась;товары для себя;275;6;4932
Снизилась;товары для себя;944;2;4582
Снизилась;товары для себя;1035;5;5351
Снизилась;товары для себя;384;9;5621
Снизилась;товары для себя;935;2;4642
Снизилась;товары для себя;685;9;4579
Снизилась;товары для дома;811;1;4880
Снизилась;товары для себя;681;5;5120
Снизилась;товары для себя;212;5;4635
Снизилась;товары для дома;188;0;5213
Снизилась;товары для дома;711;6;4992
Снизилась;товары для себя;485;0;5268
Снизилась;товары для дома;657;4;4932
Снизилась;товары для себя;730;3;4582
Снизилась;товары для себя;484;4;5351
Снизилась;товары для себя;570;8;5621
Снизилась;товары для дома;352;3;4642
Снизилась;товары для себя;658;0;4579
Снизилась;товары для себя;1065;5;4880
Снизилась;товары для себя;794;7;5120
Снизилась;товары для себя;293;3;4872
Снизилась;товары для себя;694;7;4864
Снизилась;товары для себя;873;2;4691
Снизилась;товары для себя;952;5;4635
Снизилась;товары для себя;507;0;5213
Снизилась;товары для дома;447;4;4992
Снизилась;товары для себя;460;6;5268
Снизилась;товары для себя;449;1;4932
Снизилась;товары для себя;906;1;4582
Снизилась;товары для себя;646;1;5351
Снизилась;товары для себя;444;4;5621
Снизилась;товары для дома;731;3;4642
Снизилась;товары для себя;846;4;4579
Снизилась;товары для себя;402;4;4880
Снизилась;товары для себя;598;3;5120
Снизилась;товары для дома;780;0;4700
Снизилась;товары для себя;791;0;4850
Снизилась;товары для себя;196;4;4635
Снизилась;товары для себя;800;5;5213
Снизилась;товары для дома;663;6;4992
Снизилась;товары для дома;482;8;5268
Снизилась;товары для себя;1051;4;4932
Снизилась;товары для дома;511;2;4582
Снизилась;товары для себя;540;4;5351
Снизилась;товары для себя;225;4;5621
Снизилась;товары для дома;187;3;4642
Снизилась;товары для дома;875;3;4579
Снизилась;товары для дома;769;3;4880
Снизилась;товары для себя;563;5;5120
Снизилась;товары для себя;373;2;4635
Снизилась;товары для себя;375;6;5213
Снизилась;товары для себя;439;5;4992
Снизилась;товары для себя;550;1;5268
Снизилась;товары для себя;987;1;4932
Снизилась;товары для себя;452;5;4582
Прежний уровень;товары для дома;534;1;5351
Прежний уровень;товары для себя;624;3;5621
Прежний уровень;товары для себя;634;5;4642
Прежний уровень;товары для себя;957;2;4579
Прежний уровень;товары для дома;475;3;4880
Прежний уровень;товары для себя;191;0;5120
Прежний уровень;товары для себя;937;2;4752
Прежний уровень;товары для себя;216;3;4814
Прежний уровень;товары для дома;923;1;4943
Прежний уровень;товары для себя;998;0;4901
Прежний уровень;товары для себя;486;4;5095
Прежний уровень;товары для себя;589;1;5329
Прежний уровень;товары для себя;949;2;5089
Прежний уровень;товары для дома;565;1;5023
Прежний уровень;товары для себя;822;3;5337
Прежний уровень;товары для дома;300;3;5228
Прежний уровень;товары для себя;539;2;4359
Прежний уровень;товары для дома;388;0;4528
Прежний уровень;товары для себя;857;1;4904
Прежний уровень;товары для себя;316;3;5282
Прежний уровень;товары для себя;744;0;4921
Прежний уровень;товары для дома;553;3;4495
Прежний уровень;товары для себя;749;2;5175
Прежний уровень;товары для себя;272;3;5060
Прежний уровень;товары для себя;321;2;4802
Прежний уровень;товары для себя;831;1;5103
Прежний уровень;товары для себя;657;4;5542
Прежний уровень;товары для дома;157;0;4934
Прежний уровень;товары для дома;467;2;4712
Прежний уровень;товары для себя;849;2;4908
Прежний уровень;товары для себя;609;3;5364
Прежний уровень;товары для себя;242;5;5142
Прежний уровень;товары для себя;728;1;4950
Прежний уровень;товары для себя;937;1;4900
Прежний уровень;товары для себя;457;1;5624
Прежний уровень;товары для дома;159;3;4671
Прежний уровень;товары для себя;207;5;4903
Прежний уровень;товары для себя;899;4;5045
Прежний уровень;товары для себя;834;1;4529
Прежний уровень;товары для себя;808;0;5261
Прежний уровень;товары для себя;205;2;5364
Прежний уровень;товары для себя;985;2;4908
Прежний уровень;товары для себя;400;4;4897
Прежний уровень;товары для себя;634;5;5095
Прежний уровень;товары для себя;529;5;5012
Прежний уровень;товары для себя;855;4;4530
Прежний уровень;товары для себя;597;4;4964
Прежний уровень;товары для себя;1061;1;4583
Прежний уровень;товары для дома;433;0;4802
Прежний уровень;товары для себя;157;2;4550
Прежний уровень;товары для себя;389;1;4883
Прежний уровень;товары для себя;363;5;4648
Прежний уровень;товары для себя;670;5;5036
Прежний уровень;товары для себя;585;2;4570
Прежний уровень;товары для себя;819;4;5154
Прежний уровень;товары для дома;539;2;5273
Прежний уровень;товары для себя;896;0;4877
Прежний уровень;товары для дома;1064;2;4691
Прежний уровень;товары для себя;762;1;4507
Прежний уровень;товары для себя;431;3;5601
Прежний уровень;товары для дома;284;1;4353
Прежний уровень;товары для себя;192;2;4997
Прежний уровень;товары для себя;741;3;4663
Прежний уровень;товары для себя;450;2;5210
Прежний уровень;товары для себя;571;2;4439
Прежний уровень;товары для себя;623;1;5051
Прежний уровень;товары для себя;199;5;4733
Прежний уровень;товары для себя;438;4;4735
Прежний уровень;товары для дома;923;0;5201
Прежний уровень;товары для себя;708;3;5444
Прежний уровень;товары для себя;167;4;4416
Прежний уровень;товары для дома;209;3;4869
Прежний уровень;товары для себя;581;1;5324
Прежний уровень;товары для себя;829;2;5017
Прежний уровень;товары для дома;607;2;4928
Прежний уровень;товары для себя;572;0;5600
Прежний уровень;товары для себя;365;0;4781
Прежний уровень;товары для дома;566;1;5053
Прежний уровень;товары для дома;811;5;5073
Прежний уровень;товары для дома;268;3;4900
Прежний уровень;товары для себя;558;3;5240
Прежний уровень;товары для себя;534;1;4633
Прежний уровень;товары для себя;730;5;5311
Прежний уровень;товары для себя;488;1;4572
Прежний уровень;товары для дома;436;0;4662
Прежний уровень;товары для дома;637;2;5204
Прежний уровень;товары для себя;554;1;4635
Прежний уровень;товары для себя;330;2;5213
Прежний уровень;товары для себя;504;4;4992
Прежний уровень;товары для себя;1020;3;5268
Прежний уровень;товары для себя;721;3;4932
Прежний уровень;товары для себя;495;3;4582
Прежний уровень;товары для себя;135;0;5351
Прежний уровень;товары для себя;663;2;5621
Прежний уровень;товары для себя;1047;2;4642
Прежний уровень;товары для себя;152;4;4579
Прежний уровень;товары для себя;754;1;4880
Прежний уровень;товары для себя;525;0;5120
Прежний уровень;товары для дома;169;1;4956
Прежний уровень;товары для себя;966;1;4700
Прежний уровень;товары для себя;645;3;4952
Прежний уровень;товары для себя;399;3;4453
Прежний уровень;товары для себя;267;1;4783
Прежний уровень;товары для себя;530;5;5316
Прежний уровень;товары для себя;478;5;4837
Прежний уровень;товары для себя;890;1;4865
Прежний уровень;товары для дома;830;0;4953
Прежний уровень;товары для себя;149;2;4682
Прежний уровень;товары для себя;543;3;4376
Прежний уровень;товары для себя;667;0;5009
Прежний уровень;товары для себя;510;4;4347
Прежний уровень;товары для себя;1049;2;4792
Прежний уровень;товары для себя;242;4;4614
Прежний уровень;товары для себя;908;4;4904
Прежний уровень;товары для себя;408;2;5222
Прежний уровень;товары для дома;900;0;4985
Прежний уровень;товары для себя;490;4;4774
Прежний уровень;товары для дома;401;0;5388
Прежний уровень;товары для себя;945;3;4852
Прежний уровень;товары для себя;777;3;5313
Прежний уровень;товары для себя;851;0;5265
Прежний уровень;товары для себя;559;5;4370
Прежний уровень;товары для себя;803;4;4795
Прежний уровень;товары для дома;675;1;5468
Прежний уровень;товары для дома;490;4;4864
Прежний уровень;товары для себя;769;1;5041
Прежний уровень;товары для себя;626;2;5173
Прежний уровень;товары для дома;203;2;5139
Прежний уровень;товары для себя;280;4;5122
Прежний уровень;товары для себя;349;5;4665
Прежний уровень;товары для себя;540;2;5494
Прежний уровень;товары для дома;476;0;5596
Прежний уровень;товары для себя;897;4;4555
Прежний уровень;товары для себя;709;1;4786
Прежний уровень;товары для себя;260;2;5226
Прежний уровень;товары для себя;852;0;5303
Прежний уровень;товары для себя;997;1;4626
Прежний уровень;товары для себя;625;3;5326
Прежний уровень;товары для себя;187;3;4741
Прежний уровень;товары для дома;213;3;4538
Прежний уровень;товары для дома;228;1;4876
Прежний уровень;товары для себя;602;3;5315
Прежний уровень;товары для себя;870;2;4859
Прежний уровень;товары для себя;795;5;5086
Прежний уровень;товары для себя;442;3;5124
Прежний уровень;товары для дома;639;4;5016
Прежний уровень;товары для себя;430;5;5236
Прежний уровень;товары для себя;688;4;4382
Прежний уровень;товары для себя;717;3;4822
Прежний уровень;товары для дома;236;2;4460
Прежний уровень;товары для себя;639;5;4346
Прежний уровень;товары для себя;991;1;5230
Прежний уровень;товары для себя;679;2;5241
Прежний уровень;товары для дома;157;4;5047
Прежний уровень;товары для себя;480;1;4818
Прежний уровень;товары для себя;228;5;4483
Прежний уровень;товары для дома;392;1;5204
Прежний уровень;товары для себя;779;2;5160
Прежний уровень;товары для дома;770;1;5102
Прежний уровень;товары для себя;499;4;4779
Прежний уровень;товары для дома;417;0;4933
Прежний уровень;товары для себя;293;0;4566
Прежний уровень;товары для себя;492;3;4874
Прежний уровень;товары для себя;602;0;5068
Прежний уровень;товары для себя;458;2;4914
Прежний уровень;товары для себя;564;2;4995
Прежний уровень;товары для себя;609;2;5416
Прежний уровень;товары для себя;471;4;4386
Прежний уровень;товары для дома;173;3;4714
Прежний уровень;товары для себя;701;3;4549
Прежний уровень;товары для себя;1052;2;4417
Прежний уровень;товары для себя;570;3;4940
Прежний уровень;товары для себя;359;1;4733
Прежний уровень;товары для себя;480;2;5208
Прежний уровень;товары для себя;770;3;4833
Прежний уровень;товары для дома;828;1;4853
Прежний уровень;товары для себя;1048;4;4809
Прежний уровень;товары для себя;122;2;5028
Прежний уровень;товары для дома;501;0;5138
Прежний уровень;товары для себя;339;2;4798
Прежний уровень;товары для дома;995;1;5568
Прежний уровень;товары для дома;988;1;4983
Прежний уровень;товары для себя;357;3;4493
Прежний уровень;товары для дома;234;2;5263
Прежний уровень;товары для себя;276;3;4445
Прежний уровень;товары для себя;272;2;5532
Прежний уровень;товары для дома;777;3;4451
Прежний уровень;товары для дома;869;3;5274
Прежний уровень;товары для дома;338;4;4763
Прежний уровень;товары для себя;925;2;4545
Прежний уровень;товары для себя;386;4;4439
Прежний уровень;товары для себя;1037;5;5509
Прежний уровень;товары для себя;660;3;4691
Прежний уровень;товары для себя;597;2;5118
Прежний уровень;товары для себя;575;3;4629
Прежний уровень;товары для дома;129;1;4919
Прежний уровень;товары для дома;497;1;5216
Прежний уровень;товары для себя;1007;3;5004
Прежний уровень;товары для себя;551;5;4473
Прежний уровень;товары для себя;436;2;5193
Прежний уровень;товары для себя;829;0;4962
Прежний уровень;товары для себя;928;0;5396
Прежний уровень;товары для себя;827;1;4415
Прежний уровень;товары для себя;473;1;4667
Прежний уровень;товары для себя;869;1;4864
Прежний уровень;товары для себя;681;2;4690
Прежний уровень;товары для себя;1039;0;4644
Прежний уровень;товары для себя;404;3;4777
Прежний уровень;товары для себя;1027;1;5277
Прежний уровень;товары для дома;867;0;5314
Прежний уровень;товары для себя;692;2;4609
Прежний уровень;товары для себя;825;1;5021
Прежний уровень;товары для себя;724;3;4829
Прежний уровень;товары для дома;544;1;5261
Прежний уровень;товары для себя;899;4;4872
Прежний уровень;товары для себя;702;3;5293
Прежний уровень;товары для себя;228;0;5031
Прежний уровень;товары для дома;512;0;5103
Прежний уровень;товары для себя;730;1;5388
Прежний уровень;товары для дома;775;2;4382
Прежний уровень;товары для себя;574;5;4742
Прежний уровень;товары для себя;132;2;4506
Прежний уровень;товары для себя;659;4;4690
Прежний уровень;товары для себя;491;2;4577
Прежний уровень;товары для себя;979;3;4454
Прежний уровень;товары для дома;980;1;4925
Прежний уровень;товары для себя;458;1;4899
Прежний уровень;товары для дома;646;1;5124
Прежний уровень;товары для себя;565;3;5028
Прежний уровень;товары для дома;161;1;5618
Прежний уровень;товары для себя;676;1;4948
Прежний уровень;товары для дома;150;1;4962
Прежний уровень;товары для себя;131;4;4520
Прежний уровень;товары для себя;302;1;5276
Прежний уровень;товары для себя;426;3;5262
Прежний уровень;товары для дома;160;5;5375
Прежний уровень;товары для себя;913;2;4781
Прежний уровень;товары для себя;541;1;5223
Прежний уровень;товары для себя;203;2;5305
Прежний уровень;товары для себя;736;4;4822
Прежний уровень;товары для себя;910;1;4962
Прежний уровень;товары для себя;529;1;4982
Прежний уровень;товары для себя;826;2;4997
Прежний уровень;товары для себя;713;5;4977
Прежний уровень;товары для себя;1003;2;5027
Прежний уровень;товары для себя;673;2;4743
Прежний уровень;товары для себя;312;4;5075
Прежний уровень;товары для себя;348;4;4991
Прежний уровень;товары для себя;807;1;4667
Прежний уровень;товары для себя;466;4;4817
Прежний уровень;товары для себя;959;1;4342
Прежний уровень;товары для себя;768;0;4703
Прежний уровень;товары для себя;372;2;5241
Прежний уровень;товары для себя;973;2;4541
Прежний уровень;товары для себя;435;2;4727
Прежний уровень;товары для себя;913;1;4833
Прежний уровень;товары для дома;635;1;5249
Прежний уровень;товары для себя;791;1;5030
Прежний уровень;товары для дома;248;3;4846
Прежний уровень;товары для себя;920;1;4429
Прежний уровень;товары для себя;953;2;4999
Прежний уровень;товары для себя;965;1;4591
Прежний уровень;товары для себя;907;1;5028
Прежний уровень;товары для себя;793;2;4893
Прежний уровень;товары для себя;576;0;4771
Прежний уровень;товары для дома;312;1;5518
Прежний уровень;товары для себя;382;1;5140
Прежний уровень;товары для себя;629;1;5492
Прежний уровень;товары для себя;495;3;4958
Прежний уровень;товары для себя;493;3;4496
Прежний уровень;товары для дома;304;3;4440
Прежний уровень;товары для себя;746;3;4711
Прежний уровень;товары для дома;272;4;4736
Прежний уровень;товары для дома;485;0;4660
Прежний уровень;товары для себя;662;2;4981
Прежний уровень;товары для себя;271;5;4338
Прежний уровень;товары для себя;389;2;5615
Прежний уровень;товары для себя;307;4;5123
Прежний уровень;товары для дома;639;2;5030
Прежний уровень;товары для дома;403;2;5534
Прежний уровень;товары для себя;775;3;4694
Прежний уровень;товары для себя;370;2;4837
Прежний уровень;товары для себя;475;1;5298
Прежний уровень;товары для себя;570;1;4770
Прежний уровень;товары для дома;628;1;5168
Прежний уровень;товары для себя;387;2;5043
Прежний уровень;товары для себя;735;0;5026
Прежний уровень;товары для дома;570;1;4763
Прежний уровень;товары для дома;671;2;4592
Прежний уровень;товары для себя;558;2;4587
Прежний уровень;товары для дома;179;2;5123
Прежний уровень;товары для себя;919;2;4451
Прежний уровень;товары для себя;556;4;5003
Прежний уровень;товары для дома;498;4;4637
Прежний уровень;товары для себя;168;3;4433
Прежний уровень;товары для себя;577;3;4797
Прежний уровень;товары для себя;347;5;4945
Прежний уровень;товары для себя;190;3;5109
Прежний уровень;товары для себя;170;5;4840
Прежний уровень;товары для себя;572;2;5194
Прежний уровень;товары для себя;153;3;5574
Прежний уровень;товары для себя;908;3;4971
Прежний уровень;товары для дома;613;1;5573
Прежний уровень;товары для дома;486;1;4882
Прежний уровень;товары для себя;925;0;5408
Прежний уровень;товары для себя;524;3;5145
Прежний уровень;товары для дома;259;3;5012
Прежний уровень;товары для себя;600;0;5166
Прежний уровень;товары для себя;871;2;5442
Прежний уровень;товары для дома;765;3;4730
Прежний уровень;товары для дома;1051;1;5289
Прежний уровень;товары для себя;861;4;4674
Прежний уровень;товары для себя;1031;5;4792
Прежний уровень;товары для себя;851;1;4802
Прежний уровень;товары для дома;311;1;4451
Прежний уровень;товары для себя;982;2;4479
Прежний уровень;товары для себя;732;4;5379
Прежний уровень;товары для себя;192;4;4357
Прежний уровень;товары для дома;628;2;4987
Прежний уровень;товары для себя;865;5;4866
Прежний уровень;товары для дома;1026;2;5035
Прежний уровень;товары для себя;1052;3;4959
Прежний уровень;товары для себя;379;1;4771
Прежний уровень;товары для себя;930;3;4341
Прежний уровень;товары для себя;906;4;4408
Прежний уровень;товары для дома;226;0;5155
Прежний уровень;товары для себя;828;3;5362
Прежний уровень;товары для себя;505;1;5433
Прежний уровень;товары для себя;460;0;5363
Прежний уровень;товары для себя;763;2;4856
Прежний уровень;товары для себя;751;3;4859
Прежний уровень;товары для дома;297;4;5083
Прежний уровень;товары для себя;804;3;4658
Прежний уровень;товары для дома;527;2;5122
Прежний уровень;товары для дома;414;1;5145
Прежний уровень;товары для себя;623;2;4773
Прежний уровень;товары для себя;1022;1;4952
Прежний уровень;товары для себя;755;5;4752
Прежний уровень;товары для дома;494;3;4729
Прежний уровень;товары для дома;166;1;5609
Прежний уровень;товары для дома;946;1;5096
Прежний уровень;товары для дома;561;3;4949
Прежний уровень;товары для дома;793;0;4690
Прежний уровень;товары для себя;162;3;4912
Прежний уровень;товары для себя;1035;2;5200
Прежний уровень;товары для себя;856;2;4786
Прежний уровень;товары для дома;215;1;4833
Прежний уровень;товары для себя;978;0;4735
Прежний уровень;товары для себя;479;4;5251
Прежний уровень;товары для себя;698;3;4651
Прежний уровень;товары для себя;670;4;4342
Прежний уровень;товары для себя;673;2;4980
Прежний уровень;товары для дома;497;1;4860
Прежний уровень;товары для дома;165;5;4623
Прежний уровень;товары для себя;511;0;4613
Прежний уровень;товары для дома;528;2;4591
Прежний уровень;товары для дома;629;0;4679
Прежний уровень;товары для себя;869;2;5176
Прежний уровень;товары для себя;360;4;5011
Прежний уровень;товары для себя;699;1;4704
Прежний уровень;товары для себя;874;1;5299
Прежний уровень;товары для себя;1038;1;5334
Прежний уровень;товары для себя;549;5;4725
Прежний уровень;товары для себя;395;2;5183
Прежний уровень;товары для себя;179;1;5428
Прежний уровень;товары для себя;797;5;4383
Прежний уровень;товары для себя;637;1;5067
Прежний уровень;товары для дома;808;2;4543
Прежний уровень;товары для дома;660;1;4907
Прежний уровень;товары для себя;503;5;4603
Прежний уровень;товары для себя;417;5;4462
Прежний уровень;товары для себя;208;2;5154
Прежний уровень;товары для дома;145;1;4429
Прежний уровень;товары для себя;334;3;5219
Прежний уровень;товары для себя;365;2;4545
Прежний уровень;товары для себя;419;1;4579
Прежний уровень;товары для себя;707;1;5211
Прежний уровень;товары для себя;151;1;5235
Прежний уровень;товары для дома;125;2;5279
Прежний уровень;товары для себя;603;4;4833
Прежний уровень;товары для себя;420;3;5125
Прежний уровень;товары для себя;327;4;5185
Прежний уровень;товары для себя;322;0;5139
Прежний уровень;товары для себя;725;4;5464
Прежний уровень;товары для себя;718;1;4624
Прежний уровень;товары для дома;417;0;4468
Прежний уровень;товары для себя;786;0;4590
Прежний уровень;товары для дома;563;1;5357
Прежний уровень;товары для себя;446;2;4994
Прежний уровень;товары для себя;296;5;4930
Прежний уровень;товары для дома;245;2;5202
Прежний уровень;товары для себя;860;3;5060
Прежний уровень;товары для себя;881;3;4688
Прежний уровень;товары для дома;748;0;4885
Прежний уровень;товары для дома;645;4;4974
Прежний уровень;товары для себя;182;2;5277
Прежний уровень;товары для себя;541;5;5091
Прежний уровень;товары для себя;955;2;5456
Прежний уровень;товары для себя;799;4;5084
Прежний уровень;товары для себя;1010;1;4775
Прежний уровень;товары для дома;180;4;4568
Прежний уровень;товары для себя;290;4;4820
Прежний уровень;товары для себя;283;4;4979
Прежний уровень;товары для дома;708;5;100000
Прежний уровень;товары для себя;339;2;5185
Прежний уровень;товары для дома;495;3;5533
Прежний уровень;товары для себя;320;4;5247
Прежний уровень;товары для себя;121;5;5100
Прежний уровень;товары для дома;609;3;4552
Прежний уровень;товары для себя;432;1;4685
Прежний уровень;товары для себя;466;4;
Прежний уровень;товары для себя;846;2;5368
Прежний уровень;товары для себя;905;2;5194
Прежний уровень;товары для себя;606;1;4912
Прежний уровень;товары для себя;631;1;5255
Прежний уровень;товары для дома;348;3;
Прежний уровень;товары для дома;274;1;4893
Прежний уровень;товары для дома;142;3;5113
Прежний уровень;товары для себя;413;4;4873
Прежний уровень;товары для дома;791;1;4555
Прежний уровень;товары для себя;577;4;4707
Прежний уровень;товары для себя;748;1;5237
Прежний уровень;товары для себя;955;4;4968
Прежний уровень;товары для себя;508;3;4906
Прежний уровень;товары для себя;633;4;4981
Прежний уровень;товары для дома;234;1;4494
Прежний уровень;товары для дома;852;0;5588
Прежний уровень;товары для дома;152;3;4612
Прежний уровень;товары для себя;343;1;4407
Прежний уровень;товары для себя;666;2;5132
Прежний уровень;товары для дома;353;2;5010
Прежний уровень;товары для себя;677;1;5387
Прежний уровень;товары для дома;887;3;4655
Прежний уровень;товары для себя;921;2;5213
Прежний уровень;товары для себя;395;4;5045
Прежний уровень;товары для дома;192;4;5463
Прежний уровень;товары для себя;847;2;4542
Прежний уровень;товары для дома;330;2;5242
Прежний уровень;товары для себя;831;2;4697
Прежний уровень;товары для дома;894;1;5241
Прежний уровень;товары для дома;161;4;5428
Прежний уровень;товары для себя;940;2;4796
Прежний уровень;товары для себя;951;3;5179
Прежний уровень;товары для себя;177;2;4970
Прежний уровень;товары для себя;641;1;4549
Прежний уровень;товары для себя;191;4;5080
Прежний уровень;товары для себя;600;4;5110
Прежний уровень;товары для себя;732;1;5392
Прежний уровень;товары для себя;783;3;4940
Прежний уровень;товары для себя;406;0;5511
Прежний уровень;товары для себя;987;2;5177
Прежний уровень;товары для себя;1025;2;5323
Прежний уровень;товары для себя;967;2;4417
Прежний уровень;товары для себя;718;3;4489
Прежний уровень;товары для себя;1004;1;4504
Прежний уровень;товары для себя;1009;2;4519
Прежний уровень;товары для себя;622;3;4711
Прежний уровень;товары для дома;566;2;5400
Прежний уровень;товары для себя;747;3;4881
Прежний уровень;товары для себя;503;2;4788
Прежний уровень;товары для себя;827;1;5397
Прежний уровень;товары для дома;169;0;4920
Прежний уровень;товары для себя;185;5;5129
Прежний уровень;товары для себя;1030;2;5083
Прежний уровень;товары для дома;206;4;4831
Прежний уровень;товары для себя;410;2;4835
Прежний уровень;товары для себя;629;1;5113
Прежний уровень;товары для себя;603;0;4850
Прежний уровень;товары для себя;324;3;5092
Прежний уровень;товары для себя;866;2;4703
Прежний уровень;товары для себя;345;3;5317
Прежний уровень;товары для себя;784;1;5614
Прежний уровень;товары для себя;493;2;4427
Прежний уровень;товары для себя;245;5;4384
Прежний уровень;товары для себя;451;4;4369
Прежний уровень;товары для себя;319;4;5307
Прежний уровень;товары для себя;446;1;4683
Прежний уровень;товары для себя;958;3;5475
Прежний уровень;товары для дома;346;4;4409
Прежний уровень;товары для дома;264;1;5471
Прежний уровень;товары для себя;371;1;5638
Прежний уровень;товары для себя;370;2;4684
Прежний уровень;товары для себя;823;4;4868
Прежний уровень;товары для себя;888;1;4821
Прежний уровень;товары для дома;582;1;4592
Прежний уровень;товары для себя;1048;0;4553
Прежний уровень;товары для себя;490;3;4339
Прежний уровень;товары для дома;978;0;5176
Прежний уровень;товары для себя;602;3;5267
Прежний уровень;товары для себя;551;1;4607
Прежний уровень;товары для себя;693;0;4894
Прежний уровень;товары для себя;154;1;4484
Прежний уровень;товары для себя;202;2;5637
Прежний уровень;товары для себя;668;4;5014
Прежний уровень;товары для дома;1028;2;4401
Прежний уровень;товары для себя;812;1;5485
Прежний уровень;товары для дома;452;2;5047
Прежний уровень;товары для себя;992;1;4532
Прежний уровень;товары для дома;418;2;4779
Прежний уровень;товары для себя;149;3;5268
Прежний уровень;товары для себя;935;5;4892
Прежний уровень;товары для дома;668;1;4527
Прежний уровень;товары для себя;869;1;4377
Прежний уровень;товары для себя;320;4;4645
Прежний уровень;товары для себя;1036;2;4536
Прежний уровень;товары для себя;930;1;4959
Прежний уровень;товары для себя;1041;1;4941
Прежний уровень;товары для дома;274;0;4746
Прежний уровень;товары для себя;698;5;4445
Прежний уровень;товары для себя;476;1;5453
Прежний уровень;товары для дома;334;2;5337
Прежний уровень;товары для себя;150;1;5077
Прежний уровень;товары для дома;617;2;4493
Прежний уровень;товары для себя;591;0;4624
Прежний уровень;товары для себя;253;2;4681
Прежний уровень;товары для себя;456;1;5436
Прежний уровень;товары для себя;428;4;4675
Прежний уровень;товары для себя;846;4;4750
Прежний уровень;товары для дома;337;1;5591
Прежний уровень;товары для дома;370;1;5186
Прежний уровень;товары для себя;327;1;4935
Прежний уровень;товары для себя;608;1;4598
Прежний уровень;товары для дома;318;2;4985
Прежний уровень;товары для себя;881;1;4625
Прежний уровень;товары для дома;685;5;4978
Прежний уровень;товары для себя;503;1;4766
Прежний уровень;товары для себя;423;4;4728
Прежний уровень;товары для себя;855;4;5577
Прежний уровень;товары для себя;925;3;4897
Прежний уровень;товары для себя;462;2;5455
Прежний уровень;товары для дома;391;2;5117
Прежний уровень;товары для дома;719;1;5494
Прежний уровень;товары для себя;374;3;4769
Прежний уровень;товары для дома;677;3;4771
Прежний уровень;товары для себя;347;1;5475
Прежний уровень;товары для дома;471;2;4798
Прежний уровень;товары для себя;778;0;5004
Прежний уровень;товары для себя;764;0;4562
Прежний уровень;товары для дома;402;1;
Прежний уровень;товары для себя;773;3;4441
Прежний уровень;товары для себя;575;1;4610
Прежний уровень;товары для себя;512;4;5059
Прежний уровень;товары для себя;466;1;5336
Прежний уровень;товары для себя;133;5;4951
Прежний уровень;товары для себя;397;4;5039
Прежний уровень;товары для себя;866;1;4993
Прежний уровень;товары для себя;581;1;5027
Прежний уровень;товары для дома;712;1;5219
Прежний уровень;товары для себя;994;3;
Прежний уровень;товары для дома;751;3;4674
Прежний уровень;товары для себя;567;1;4557
Прежний уровень;товары для себя;669;1;5448
Прежний уровень;товары для себя;714;3;5039
Прежний уровень;товары для себя;410;1;5348
Прежний уровень;товары для себя;714;0;5633
Прежний уровень;товары для себя;624;1;4703
Прежний уровень;товары для себя;244;2;4786
Прежний уровень;товары для дома;508;1;4679
Прежний уровень;товары для себя;370;4;4995
Прежний уровень;товары для себя;488;2;4565
Прежний уровень;товары для себя;974;2;5018
Прежний уровень;товары для себя;633;3;5159
Прежний уровень;товары для себя;396;1;4595
Прежний уровень;товары для дома;250;2;4561
Прежний уровень;товары для себя;215;5;4533
Прежний уровень;товары для дома;639;0;4771
Прежний уровень;товары для себя;269;4;5493
Прежний уровень;товары для себя;211;1;5046
Прежний уровень;товары для себя;564;3;5476
Прежний уровень;товары для себя;465;0;4812
Прежний уровень;товары для себя;1040;3;5118
Прежний уровень;товары для себя;763;1;4983
Прежний уровень;товары для себя;951;4;4727
Прежний уровень;товары для дома;544;3;4433
Прежний уровень;товары для себя;918;3;4925
Прежний уровень;товары для себя;927;5;4422
Прежний уровень;товары для себя;509;5;4473
Прежний уровень;товары для себя;864;1;5086
Прежний уровень;товары для дома;219;2;5177
Прежний уровень;товары для себя;774;1;5171
Прежний уровень;товары для себя;686;3;4339
Прежний уровень;товары для себя;894;0;4659
Прежний уровень;товары для дома;401;2;4480
Прежний уровень;товары для себя;470;4;4430
Прежний уровень;товары для себя;975;2;4718
Прежний уровень;товары для себя;449;1;4513
Прежний уровень;товары для себя;1056;3;5315
Прежний уровень;товары для себя;616;2;5474
Прежний уровень;товары для дома;618;0;4846
Прежний уровень;товары для дома;638;3;4726
Прежний уровень;товары для себя;360;3;5144
Прежний уровень;товары для дома;148;2;5557
Прежний уровень;товары для себя;854;0;4876
Прежний уровень;товары для себя;793;1;4766
Прежний уровень;товары для дома;610;0;5155
Прежний уровень;товары для себя;327;4;4918
Прежний уровень;товары для себя;597;3;5158
Прежний уровень;товары для себя;1006;3;4648
Прежний уровень;товары для дома;282;0;4821
Прежний уровень;товары для себя;491;5;5653
Прежний уровень;товары для себя;356;0;4950
Прежний уровень;товары для дома;341;1;5394
Прежний уровень;товары для себя;802;3;4807
Прежний уровень;товары для себя;378;3;5332
Прежний уровень;товары для себя;624;3;5143
Прежний уровень;товары для себя;795;2;4721
Прежний уровень;товары для дома;823;4;4834
Прежний уровень;товары для себя;433;1;4768
Прежний уровень;товары для себя;1022;0;5082
Прежний уровень;товары для дома;184;4;4745
Прежний уровень;товары для себя;835;3;4910
Прежний уровень;товары для себя;387;1;5442
Прежний уровень;товары для дома;567;2;5154
Прежний уровень;товары для дома;519;0;4979
Прежний уровень;товары для себя;776;1;5055
Прежний уровень;товары для себя;620;2;5075
Прежний уровень;товары для дома;514;4;4352
Прежний уровень;товары для себя;597;5;4767
Прежний уровень;товары для себя;368;4;4369
Прежний уровень;товары для себя;568;4;5641
Прежний уровень;товары для себя;1061;2;4436
Прежний уровень;товары для себя;779;3;4484
Прежний уровень;товары для дома;717;3;5035
Прежний уровень;товары для дома;414;1;5124
Прежний уровень;товары для дома;477;2;5528
Прежний уровень;товары для себя;651;1;4940
Прежний уровень;товары для себя;1024;4;4970
Прежний уровень;товары для себя;345;1;5142
Прежний уровень;товары для дома;514;2;4861
Прежний уровень;товары для себя;553;3;4875
Прежний уровень;товары для себя;636;2;4857
Прежний уровень;товары для себя;827;2;4606
Прежний уровень;товары для себя;286;5;4400
Прежний уровень;товары для себя;201;3;5526
Прежний уровень;товары для дома;762;0;5026
Прежний уровень;товары для себя;748;1;4615
Прежний уровень;товары для дома;973;4;4874
Прежний уровень;товары для дома;789;1;4934
Прежний уровень;товары для себя;661;5;4959
Прежний уровень;товары для дома;478;2;5355
Прежний уровень;товары для себя;356;2;5171
Прежний уровень;товары для себя;592;5;5341
Прежний уровень;товары для себя;876;3;4754
Прежний уровень;товары для дома;234;2;4416
Прежний уровень;товары для себя;356;4;4819
Прежний уровень;товары для себя;435;2;5094
Прежний уровень;товары для дома;440;2;5000
Прежний уровень;товары для себя;475;5;4625
Прежний уровень;товары для себя;723;3;4603
Прежний уровень;товары для себя;199;2;4471
Прежний уровень;товары для дома;1010;0;4935
Прежний уровень;товары для себя;265;2;5223
Прежний уровень;товары для себя;1000;1;4974
Прежний уровень;товары для себя;471;3;5363
Прежний уровень;товары для себя;378;4;5158
Прежний уровень;товары для дома;596;0;5374
Прежний уровень;товары для себя;776;2;4690
Прежний уровень;товары для себя;436;1;5663
Прежний уровень;товары для себя;713;4;4986
Прежний уровень;товары для себя;646;3;4365
Прежний уровень;товары для дома;424;4;5395
Прежний уровень;товары для себя;425;3;5568
Прежний уровень;товары для себя;939;1;4465
Прежний уровень;товары для себя;602;2;4775
Прежний уровень;товары для себя;847;1;5233
Прежний уровень;товары для себя;1032;5;4828
Прежний уровень;товары для дома;380;1;4944
Прежний уровень;товары для себя;536;3;4604
Прежний уровень;товары для себя;784;4;4995
Прежний уровень;товары для себя;485;5;4486
Прежний уровень;товары для дома;121;2;4745
Прежний уровень;товары для себя;889;1;4974
Прежний уровень;товары для себя;606;5;4536
Прежний уровень;товары для себя;302;2;5267
Прежний уровень;товары для себя;726;5;4654
Прежний уровень;товары для себя;280;2;4519
Прежний уровень;товары для себя;993;3;4820
Прежний уровень;товары для себя;205;3;4835
Прежний уровень;товары для дома;712;0;4522
Прежний уровень;товары для себя;513;4;4972
Прежний уровень;товары для себя;595;1;4894
Прежний уровень;товары для себя;509;2;4712
Прежний уровень;товары для себя;540;3;5415
Прежний уровень;товары для себя;275;5;5143
Прежний уровень;товары для себя;844;5;4917
Прежний уровень;товары для дома;788;3;4884
Прежний уровень;товары для себя;724;1;4470
Прежний уровень;товары для себя;190;4;4341
Прежний уровень;товары для себя;785;1;4853
Прежний уровень;товары для дома;517;2;4648
Прежний уровень;товары для дома;460;1;5376
Прежний уровень;товары для себя;627;3;4644
Прежний уровень;товары для себя;703;1;4795
Прежний уровень;товары для дома;136;4;4485
Прежний уровень;товары для себя;907;1;4837
Прежний уровень;товары для дома;322;3;5029
Прежний уровень;товары для себя;423;2;4694
Прежний уровень;товары для себя;307;2;4351
Прежний уровень;товары для себя;433;1;5160
Прежний уровень;товары для себя;953;2;5171
Прежний уровень;товары для себя;964;3;5315
Прежний уровень;товары для себя;618;2;4721
Прежний уровень;товары для дома;372;3;4859
Прежний уровень;товары для себя;972;1;5176
Прежний уровень;товары для дома;238;0;4825
Прежний уровень;товары для себя;449;4;4466
Прежний уровень;товары для себя;929;1;4946
Прежний уровень;товары для дома;511;3;5510
Прежний уровень;товары для себя;868;2;5276
Прежний уровень;товары для дома;259;1;4867
Прежний уровень;товары для себя;739;0;5003
Прежний уровень;товары для себя;539;0;5223
Прежний уровень;товары для себя;237;3;4845
Прежний уровень;товары для себя;781;1;4846
Прежний уровень;товары для себя;398;5;4663
Прежний уровень;товары для себя;175;2;5104
Прежний уровень;товары для себя;290;2;4794
Прежний уровень;товары для себя;739;1;5180
Прежний уровень;товары для себя;985;4;4410
Прежний уровень;товары для себя;564;0;5267
Прежний уровень;товары для себя;1008;2;4765
Прежний уровень;товары для себя;999;0;5616
Прежний уровень;товары для себя;522;3;5090
Прежний уровень;товары для себя;1042;1;4661
Прежний уровень;товары для себя;767;4;4799
Прежний уровень;товары для себя;404;2;5105
Прежний уровень;товары для себя;445;2;4616
Прежний уровень;товары для себя;577;0;5454
Прежний уровень;товары для себя;648;2;4659
Прежний уровень;товары для себя;611;4;4750
Прежний уровень;товары для себя;461;1;5612
Прежний уровень;товары для дома;219;3;5253
Прежний уровень;товары для себя;454;3;4649
Прежний уровень;товары для себя;862;4;4872
Прежний уровень;товары для себя;660;3;5186
Прежний уровень;товары для дома;816;1;5125
Прежний уровень;товары для себя;522;2;4550
Прежний уровень;товары для себя;335;3;4684
Прежний уровень;товары для себя;346;5;5231
Прежний уровень;товары для дома;718;1;5399
Прежний уровень;товары для себя;619;1;4449
Прежний уровень;товары для себя;796;3;5165
Прежний уровень;товары для себя;832;1;5538
Прежний уровень;товары для дома;291;4;5502
Прежний уровень;товары для себя;742;2;4620
Прежний уровень;товары для себя;129;5;4944
Прежний уровень;товары для себя;1041;0;5428
Прежний уровень;товары для дома;349;4;4700
Прежний уровень;товары для себя;509;2;5272
Прежний уровень;товары для себя;220;3;5064
Прежний уровень;товары для себя;374;2;4690
Прежний уровень;товары для себя;923;2;5191
Прежний уровень;товары для себя;296;4;4483
Прежний уровень;товары для себя;311;2;4680
Прежний уровень;товары для себя;902;4;4611
Прежний уровень;товары для себя;749;0;5211
Прежний уровень;товары для себя;482;2;5175
Прежний уровень;товары для дома;617;3;5595
Прежний уровень;товары для себя;893;1;4768
Прежний уровень;товары для дома;595;4;5212
Прежний уровень;товары для себя;384;0;5553
Прежний уровень;товары для себя;833;1;4631
Прежний уровень;товары для себя;723;4;5290
Прежний уровень;товары для себя;704;4;5249
Прежний уровень;товары для себя;545;2;4939
Прежний уровень;товары для себя;559;2;5072
Прежний уровень;товары для дома;301;5;4795
Прежний уровень;товары для себя;882;2;4761
Прежний уровень;товары для дома;508;1;5279
Прежний уровень;товары для себя;233;4;5190
Прежний уровень;товары для себя;994;3;5134
Прежний уровень;товары для себя;937;2;4979
Прежний уровень;товары для себя;644;3;4870
Прежний уровень;товары для себя;505;3;4673
Прежний уровень;товары для себя;969;2;4449
Прежний уровень;товары для себя;461;1;4416
Прежний уровень;товары для дома;326;2;5379
Прежний уровень;товары для себя;713;1;4757
Прежний уровень;товары для себя;157;3;4655
Прежний уровень;товары для дома;679;1;5023
Прежний уровень;товары для себя;993;1;5245
Прежний уровень;товары для дома;757;1;4974
Прежний уровень;товары для дома;362;1;5118
Прежний уровень;товары для себя;780;4;4946
Прежний уровень;товары для себя;401;0;4401
Прежний уровень;товары для дома;769;1;4925
Прежний уровень;товары для дома;445;2;5212
Прежний уровень;товары для дома;1013;0;4488
Прежний уровень;товары для дома;324;1;4949
Прежний уровень;товары для себя;873;4;4908
Прежний уровень;товары для себя;482;2;4624
Прежний уровень;товары для себя;176;2;4952
Прежний уровень;товары для дома;347;4;4772
Прежний уровень;товары для себя;593;1;4432
Прежний уровень;товары для дома;776;2;5028
Прежний уровень;товары для себя;514;3;5211
Прежний уровень;товары для себя;335;2;4820
Прежний уровень;товары для себя;594;4;4943
Прежний уровень;товары для себя;280;4;5154
Прежний уровень;товары для дома;911;3;4847
Прежний уровень;товары для дома;134;4;5328
Прежний уровень;товары для себя;600;0;4882
Прежний уровень;товары для себя;286;0;4830
Прежний уровень;товары для дома;166;1;5098
Прежний уровень;товары для себя;447;0;4460
Прежний уровень;товары для себя;740;2;5039
Прежний уровень;товары для себя;151;2;5307
Прежний уровень;товары для дома;765;0;5107
Прежний уровень;товары для себя;514;5;4521
Прежний уровень;товары для дома;468;1;5176
Прежний уровень;товары для себя;753;2;4457
Прежний уровень;товары для себя;719;4;4968
Прежний уровень;товары для себя;388;3;5042
Прежний уровень;товары для дома;841;0;4430
Прежний уровень;товары для себя;453;5;4977
Прежний уровень;товары для себя;349;4;5169
Прежний уровень;товары для себя;553;2;5269
Прежний уровень;товары для дома;170;1;4908
Прежний уровень;товары для себя;798;2;4608
Прежний уровень;товары для себя;350;4;4526
Прежний уровень;товары для себя;568;1;5515
Прежний уровень;товары для дома;904;1;4533
Прежний уровень;товары для себя;575;4;5123
Прежний уровень;товары для себя;786;3;4588
Прежний уровень;товары для себя;935;1;5363
Прежний уровень;товары для дома;964;0;5386
Прежний уровень;товары для себя;515;0;4653
Прежний уровень;товары для себя;1013;2;5483
Прежний уровень;товары для себя;900;0;5150
Прежний уровень;товары для себя;610;1;4945
Прежний уровень;товары для себя;780;1;5574
Прежний уровень;товары для себя;486;0;4630
Прежний уровень;товары для дома;815;3;4818
Прежний уровень;товары для себя;983;4;5448
Прежний уровень;товары для дома;140;2;5234
Прежний уровень;товары для себя;1001;5;4421
Прежний уровень;товары для дома;612;0;5301
Прежний уровень;товары для себя;162;5;4661
Прежний уровень;товары для себя;663;0;4715
Прежний уровень;товары для себя;806;1;4895
Прежний уровень;товары для себя;351;1;4495
Прежний уровень;товары для себя;488;5;5045
Прежний уровень;товары для себя;768;5;5446
Прежний уровень;товары для дома;467;1;4774
Прежний уровень;товары для дома;346;1;4798
Прежний уровень;товары для себя;488;4;5053
Прежний уровень;товары для себя;455;0;5432
Прежний уровень;товары для дома;761;0;4522
Прежний уровень;товары для дома;192;3;4882
Прежний уровень;товары для себя;335;4;5219
Прежний уровень;товары для себя;932;3;5051
Прежний уровень;товары для себя;996;4;4428
Прежний уровень;товары для себя;801;1;4625
Прежний уровень;товары для дома;930;0;4881
Прежний уровень;товары для себя;306;5;4887
Прежний уровень;товары для дома;416;3;4634
Прежний уровень;товары для себя;638;1;4735
Прежний уровень;товары для себя;991;3;5212
Прежний уровень;товары для себя;318;3;4534
Прежний уровень;товары для дома;454;2;4463
Прежний уровень;товары для себя;586;2;4705
Прежний уровень;товары для себя;645;3;5340
Прежний уровень;товары для себя;906;5;4981
Прежний уровень;товары для себя;835;2;4951
Прежний уровень;товары для дома;243;2;4953
Прежний уровень;товары для себя;641;5;4788
Прежний уровень;товары для себя;684;4;4902
Прежний уровень;товары для себя;881;2;5360
Прежний уровень;товары для себя;786;2;4818
Прежний уровень;товары для дома;658;1;5062
Прежний уровень;товары для себя;384;3;4642
Прежний уровень;товары для дома;585;1;4342
Прежний уровень;товары для дома;744;1;5396
Прежний уровень;товары для себя;846;3;4826
Прежний уровень;товары для себя;724;0;4729
Прежний уровень;товары для дома;826;0;5609
Прежний уровень;товары для дома;450;2;5096
Прежний уровень;товары для себя;439;1;4949
Прежний уровень;товары для себя;801;1;4690
Прежний уровень;товары для себя;586;4;4912
Прежний уровень;товары для себя;599;8;5200
Прежний уровень;товары для себя;1025;4;4786
Прежний уровень;товары для дома;302;5;4833
Прежний уровень;товары для дома;238;5;4735
Прежний уровень;товары для себя;316;5;5251
Прежний уровень;товары для дома;147;2;4651
Прежний уровень;товары для себя;352;7;4342
Прежний уровень;товары для себя;567;4;4980
Прежний уровень;товары для себя;744;2;4860
Прежний уровень;товары для себя;591;1;4623
Прежний уровень;товары для себя;966;1;4613
Прежний уровень;товары для себя;903;8;4591
Прежний уровень;товары для себя;157;6;4679
Прежний уровень;товары для себя;162;5;5176
Прежний уровень;товары для себя;597;2;5011
Прежний уровень;товары для себя;218;4;4704
Прежний уровень;товары для дома;753;3;5299
Прежний уровень;товары для себя;762;1;5334
Прежний уровень;товары для себя;452;2;4725
Прежний уровень;товары для себя;691;2;5183
